time,state,rpm,voltage,temp,pressure
0.0,OFF,0,12.64,20.0,11.6
0.5,OFF,4,12.62,20.1,22.0
1.0,OFF,0,12.63,20.1,28.9
1.51,OFF,16,12.64,20.2,35.4
2.01,OFF,0,12.64,20.0,40.4
2.51,OFF,16,12.61,20.3,44.3
3.01,OFF,0,12.64,20.0,47.5
3.51,OFF,15,12.65,20.2,50.5
4.01,OFF,28,12.63,20.1,52.2
4.51,OFF,34,12.62,20.2,53.6
5.02,OFF,9,12.59,20.2,55.0
5.52,CRANKING,72,10.63,21.1,56.3
6.02,CRANKING,133,10.27,21.8,57.4
6.52,CRANKING,172,10.15,22.6,58.1
7.02,CRANKING,199,11.37,23.5,58.8
7.52,CRANKING,207,11.45,24.2,59.1
8.02,IDLE,319,14.35,25.3,60.0
8.53,IDLE,410,14.33,26.9,61.1
9.03,IDLE,487,14.34,28.3,62.1
9.53,IDLE,543,14.34,29.4,62.4
10.03,IDLE,575,14.35,30.7,63.6
10.53,IDLE,610,14.33,31.8,63.6
11.03,IDLE,660,14.3,32.7,64.3
11.54,IDLE,720,14.34,34.0,64.5
12.04,IDLE,755,14.32,35.0,65.7
12.54,IDLE,785,14.3,36.4,66.2
13.04,IDLE,811,14.31,37.5,66.7
13.54,IDLE,810,14.34,38.3,66.7
14.04,IDLE,780,14.35,39.6,66.5
14.54,IDLE,786,14.29,40.4,67.1
15.04,IDLE,801,14.35,41.3,67.5
15.55,IDLE,818,14.33,42.5,67.7
16.05,IDLE,806,14.33,43.5,67.7
16.55,IDLE,810,14.34,44.4,68.0
17.05,IDLE,796,14.33,45.3,68.2
17.55,RUNNING,1189,14.31,46.0,68.7
18.05,RUNNING,1537,14.29,46.9,69.9
18.55,RUNNING,1837,14.31,47.7,71.1
19.05,RUNNING,2031,14.32,48.6,73.5
19.56,RUNNING,2174,14.33,49.4,75.0
20.06,RUNNING,2174,14.34,50.1,76.5
20.56,RUNNING,2175,14.35,51.1,77.0
21.06,RUNNING,2357,14.35,51.7,78.7
21.57,RUNNING,2300,14.32,52.5,79.6
22.07,RUNNING,2390,14.33,53.6,80.6
22.57,RUNNING,2538,14.29,54.0,81.6
23.07,RUNNING,2604,14.33,54.8,82.7
23.57,RUNNING,2527,14.35,55.7,82.7
24.07,RUNNING,2564,14.34,56.2,83.0
24.57,RUNNING,2566,14.29,57.1,83.8
25.07,RUNNING,2428,14.29,57.6,84.2
25.57,RUNNING,2471,14.34,58.2,84.6
26.08,RUNNING,2598,14.35,58.8,84.5
26.58,RUNNING,2545,14.35,59.6,85.0
27.08,RUNNING,2460,14.3,60.0,74.2
27.58,RUNNING,2511,14.34,60.9,67.0
28.08,REV,3544,14.43,62.8,62.2
28.58,REV,4223,14.45,64.7,60.2
29.08,REV,4477,14.52,66.5,59.1
29.58,REV,4458,14.53,67.9,58.4
30.09,REV,4957,14.51,69.5,58.8
30.59,REV,5126,14.5,71.3,58.8
31.09,REV,4870,14.52,72.8,58.7
31.59,REV,4795,14.5,74.0,58.4
32.09,REV,4872,14.53,75.3,58.6
32.59,REV,4652,14.54,76.6,58.8
33.09,REV,4352,14.5,77.8,57.8
33.59,REV,4836,14.55,78.9,57.5
34.09,REV,4475,14.51,79.9,57.2
34.6,REV,4797,14.54,81.0,57.6
35.1,REV,4492,14.5,81.8,57.1
35.6,REV,4957,14.5,82.7,57.4
36.1,REV,5466,14.55,83.6,58.4
36.6,REV,5136,14.52,84.3,59.6
37.1,REV,4604,14.51,85.4,58.8
37.61,REV,4531,14.54,86.0,57.6
38.11,REV,4911,14.51,86.7,58.4
38.61,REV,4641,14.49,87.5,57.8
39.11,REV,5096,14.54,88.2,58.4
39.61,REV,5446,14.52,88.8,59.5
40.11,REV,5141,14.51,89.4,60.2
40.62,REV,5505,14.5,89.9,60.7
41.12,REV,5373,14.5,90.3,61.4
41.62,REV,5583,14.5,90.9,62.5
42.12,REV,5422,14.52,91.0,62.7
42.62,REV,5433,14.53,91.6,63.4
43.12,REV,5669,14.52,91.9,64.3
43.62,REV,5397,14.53,92.4,63.7
44.12,REV,5473,14.55,93.0,63.6
44.63,REV,4786,14.5,93.0,62.4
45.13,REV,4826,14.52,93.7,61.8
45.63,REV,4802,14.53,93.9,60.9
46.13,REV,5122,14.5,94.3,60.6
46.63,REV,4709,14.5,94.6,60.6
47.13,REV,5256,14.53,94.9,60.7
47.63,REV,4611,14.51,95.0,60.1
48.14,REV,4612,14.54,95.1,59.0
48.64,RUNNING,4245,14.45,95.3,58.2
49.14,RUNNING,4020,14.42,95.2,56.2
49.64,RUNNING,3740,14.38,95.1,54.1
50.14,RUNNING,3587,14.38,94.9,53.2
50.64,RUNNING,3497,14.35,94.7,51.5
51.14,RUNNING,3428,14.33,94.5,49.7
51.64,RUNNING,3193,14.32,94.7,48.1
52.14,RUNNING,3084,14.34,94.6,46.9
52.64,RUNNING,2930,14.32,94.6,45.5
53.15,RUNNING,2945,14.32,94.5,43.9
53.65,RUNNING,2943,14.31,94.2,43.1
54.15,RUNNING,2883,14.34,94.1,41.9
54.65,RUNNING,2693,14.3,94.2,41.3
55.15,RUNNING,2597,14.31,94.0,39.8
55.65,RUNNING,2644,14.35,93.9,39.3
56.15,RUNNING,2572,14.32,94.1,38.3
56.65,RUNNING,2637,14.33,93.8,38.6
57.15,RUNNING,2725,14.3,93.6,38.2
57.65,RUNNING,2588,14.33,93.7,37.2
58.15,IDLE,2232,14.35,93.4,36.2
58.65,IDLE,1927,14.32,93.5,35.1
59.16,IDLE,1709,14.35,93.3,33.4
59.66,IDLE,1533,14.32,93.2,31.6
60.16,IDLE,1386,14.3,93.3,30.7
60.66,IDLE,1254,14.34,93.3,29.2
61.16,IDLE,1174,14.32,93.3,27.7
61.66,IDLE,1095,14.35,93.3,25.6
62.16,IDLE,1030,14.33,93.2,24.7
62.66,IDLE,986,14.33,93.1,24.0
63.16,IDLE,938,14.29,92.9,23.0
63.66,IDLE,891,14.31,92.7,22.4
64.17,IDLE,881,14.33,92.9,21.1
64.67,IDLE,836,14.33,92.8,21.4
65.17,IDLE,867,14.32,92.7,20.8
65.68,IDLE,866,14.33,92.7,19.7
66.18,IDLE,855,14.29,92.5,19.8
66.68,IDLE,865,14.3,92.4,19.1
67.18,IDLE,842,14.3,92.4,19.5
67.68,IDLE,855,14.31,92.3,19.1
68.18,IDLE,824,14.33,92.3,19.4
